{
  "hyperparameters": {
    "learningRate": 0.2,
    "discountFactor": 0.95,
    "epsilon": 0.029933432588273214,
    "epsilonDecay": 0.995,
    "epsilonMin": 0.01
  },
  "qTable": {
    "h:0|v:5|s:0": [
      -0.0036,
      -0.0036,
      -0.0036,
      -0.002
    ],
    "h:10|v:3|s:2": [
      0,
      0,
      0,
      0
    ],
    "h:10|v:2|s:2": [
      0,
      0,
      0,
      0
    ],
    "h:11|v:2|s:2": [
      0,
      0,
      0,
      0
    ],
    "h:11|v:1|s:2": [
      0,
      0,
      0,
      0
    ],
    "h:11|v:0|s:2": [
      -0.94059332849664,
      -0.9232416606208,
      -0.9320252982378495,
      -0.9232416606208
    ],
    "h:3|v:4|s:2": [
      0,
      0,
      0,
      0
    ],
    "h:5|v:4|s:2": [
      0,
      0,
      0,
      0
    ],
    "h:2|v:4|s:2": [
      0,
      0,
      0,
      0
    ],
    "h:1|v:4|s:2": [
      0,
      0,
      0,
      0
    ],
    "h:1|v:3|s:2": [
      0,
      0,
      0,
      0
    ],
    "h:2|v:3|s:2": [
      0,
      0,
      0,
      0
    ],
    "h:2|v:2|s:2": [
      0,
      0,
      0,
      0
    ],
    "h:2|v:2|s:1": [
      0,
      0,
      0,
      0
    ],
    "h:3|v:2|s:1": [
      0,
      0,
      0,
      0
    ],
    "h:3|v:1|s:1": [
      0,
      0,
      0,
      0
    ],
    "h:4|v:1|s:1": [
      0,
      0,
      0,
      0
    ],
    "h:5|v:1|s:1": [
      0,
      0,
      0,
      0
    ],
    "h:4|v:0|s:1": [
      0,
      0,
      0,
      0
    ],
    "h:6|v:0|s:0": [
      0,
      0,
      0.08381524709376001,
      0.018000000000000002
    ],
    "h:5|v:0|s:0": [
      0.08226905886720001,
      0.032400000000000005,
      0.018000000000000002,
      0
    ],
    "h:5|v:1|s:0": [
      0,
      0,
      0,
      0
    ],
    "h:4|v:1|s:0": [
      0,
      0,
      0,
      0
    ],
    "h:3|v:1|s:0": [
      0,
      0,
      0,
      0
    ],
    "h:3|v:2|s:0": [
      0,
      0,
      0,
      0
    ],
    "h:2|v:2|s:0": [
      0,
      0,
      0,
      0
    ],
    "h:2|v:3|s:0": [
      -0.002,
      0,
      0,
      0
    ],
    "h:1|v:3|s:0": [
      -0.002,
      -0.002,
      -0.0036,
      -0.002
    ],
    "h:3|v:3|s:0": [
      0,
      0,
      0,
      0
    ],
    "h:5|v:3|s:0": [
      0,
      0,
      0,
      0
    ],
    "h:7|v:3|s:0": [
      0,
      0,
      0,
      0
    ],
    "h:8|v:3|s:0": [
      0,
      0,
      0,
      0
    ],
    "h:9|v:3|s:0": [
      0,
      0,
      0,
      0
    ],
    "h:10|v:3|s:0": [
      -0.002,
      0,
      -0.002,
      0
    ],
    "h:10|v:4|s:0": [
      -0.002,
      0,
      0,
      0
    ],
    "h:9|v:4|s:0": [
      -0.002,
      0,
      0,
      0
    ],
    "h:8|v:4|s:0": [
      0,
      0,
      0,
      0
    ],
    "h:6|v:5|s:0": [
      0,
      0,
      0,
      0
    ],
    "h:4|v:5|s:0": [
      0,
      0,
      0,
      0
    ],
    "h:2|v:5|s:0": [
      0,
      0,
      0,
      0
    ],
    "h:1|v:5|s:0": [
      -0.002,
      0,
      -0.002,
      0
    ],
    "h:3|v:5|s:0": [
      0,
      0,
      0,
      0
    ],
    "h:5|v:5|s:0": [
      0,
      0,
      0,
      0
    ],
    "h:7|v:5|s:0": [
      -0.002,
      0,
      0,
      0
    ],
    "h:9|v:5|s:0": [
      -0.002,
      -0.002,
      0,
      0
    ],
    "h:8|v:5|s:0": [
      -0.002,
      0,
      0,
      0
    ],
    "h:2|v:4|s:0": [
      0,
      0,
      0,
      0
    ],
    "h:1|v:4|s:0": [
      -0.002,
      0,
      0,
      0
    ],
    "h:0|v:4|s:0": [
      -0.002,
      -0.002,
      0,
      -0.002
    ],
    "h:0|v:3|s:0": [
      -0.0036,
      -0.0036,
      -0.002,
      -0.002
    ],
    "h:10|v:4|s:3": [
      0,
      0,
      0,
      0
    ],
    "h:9|v:4|s:2": [
      0,
      0,
      0,
      0
    ],
    "h:8|v:4|s:2": [
      0,
      0,
      0,
      0
    ],
    "h:1|v:2|s:2": [
      0,
      0,
      0,
      0
    ],
    "h:2|v:1|s:2": [
      0,
      0,
      0,
      0
    ],
    "h:3|v:1|s:2": [
      0,
      0,
      0,
      0
    ],
    "h:4|v:1|s:2": [
      0,
      0,
      0,
      0
    ],
    "h:5|v:1|s:2": [
      0,
      0,
      0,
      0
    ],
    "h:7|v:0|s:2": [
      0,
      0,
      0,
      0
    ],
    "h:8|v:0|s:1": [
      0,
      0,
      0,
      0
    ],
    "h:9|v:0|s:1": [
      -0.6560032,
      -0.5771232000000001,
      -0.576304,
      -0.6606112
    ],
    "h:10|v:1|s:1": [
      0,
      0,
      0,
      0
    ],
    "h:10|v:2|s:1": [
      0,
      0,
      0,
      0
    ],
    "h:11|v:2|s:1": [
      0,
      0,
      0,
      0
    ],
    "h:11|v:3|s:1": [
      0,
      0,
      0,
      0
    ],
    "h:10|v:3|s:1": [
      0,
      0,
      0,
      0
    ],
    "h:9|v:3|s:1": [
      0,
      0,
      0,
      0
    ],
    "h:9|v:4|s:1": [
      0,
      0,
      0,
      0
    ],
    "h:8|v:4|s:1": [
      0,
      0,
      0,
      0
    ],
    "h:7|v:4|s:1": [
      0,
      0,
      0,
      0
    ],
    "h:5|v:4|s:1": [
      0,
      0,
      0,
      0
    ],
    "h:3|v:4|s:1": [
      0,
      0,
      0,
      0
    ],
    "h:11|v:4|s:0": [
      -0.0036,
      -0.0036,
      -0.002,
      -0.002
    ],
    "h:11|v:5|s:0": [
      -0.0067231999999999995,
      -0.0067231999999999995,
      -0.0067231999999999995,
      -0.0067231999999999995
    ],
    "h:10|v:5|s:0": [
      -0.002,
      0,
      0,
      0
    ],
    "h:11|v:3|s:0": [
      -0.0036,
      -0.0036,
      -0.0036,
      -0.002
    ],
    "h:11|v:2|s:0": [
      -0.0036,
      -0.002,
      -0.002,
      -0.002
    ],
    "h:11|v:1|s:0": [
      -0.002,
      0,
      0,
      0
    ],
    "h:11|v:0|s:0": [
      -0.5971232,
      -0.5963040000000001,
      -0.64283456,
      -0.5963040000000001
    ],
    "h:10|v:4|s:1": [
      0,
      0,
      0,
      0
    ],
    "h:11|v:4|s:1": [
      0,
      0,
      0,
      0
    ],
    "h:9|v:2|s:1": [
      0,
      0,
      0,
      0
    ],
    "h:8|v:2|s:1": [
      0,
      0,
      0,
      0
    ],
    "h:6|v:2|s:1": [
      0,
      0,
      0,
      0
    ],
    "h:4|v:2|s:1": [
      0,
      0,
      0,
      0
    ],
    "h:2|v:1|s:1": [
      0,
      0,
      0,
      0
    ],
    "h:6|v:1|s:1": [
      0,
      0,
      0,
      0
    ],
    "h:8|v:1|s:1": [
      0,
      0,
      0,
      0
    ],
    "h:9|v:1|s:1": [
      0,
      0,
      0,
      0
    ],
    "h:10|v:0|s:1": [
      -0.9655797302378496,
      -0.9655797302378496,
      -0.954474662797312,
      -0.954474662797312
    ],
    "h:11|v:0|s:1": [
      -0.9232416606208,
      -0.9232416606208,
      -0.9387361846378496,
      -0.9325207441902797
    ],
    "h:0|v:3|s:1": [
      0,
      0,
      0,
      0
    ],
    "h:1|v:3|s:1": [
      0,
      0,
      0,
      0
    ],
    "h:2|v:3|s:1": [
      0,
      0,
      0,
      0
    ],
    "h:3|v:3|s:1": [
      0,
      0,
      0,
      0
    ],
    "h:5|v:2|s:1": [
      0,
      0,
      0,
      0
    ],
    "h:7|v:2|s:1": [
      0,
      0,
      0,
      0
    ],
    "h:1|v:1|s:1": [
      0,
      0,
      0,
      0
    ],
    "h:1|v:0|s:1": [
      -0.773552075776,
      -0.8405501184,
      -0.7981876480000001,
      -0.7981876480000001
    ],
    "h:11|v:5|s:1": [
      0,
      0,
      0,
      0
    ],
    "h:10|v:5|s:1": [
      0,
      0,
      0,
      0
    ],
    "h:1|v:2|s:1": [
      0,
      0,
      0,
      0
    ],
    "h:7|v:1|s:1": [
      0,
      0,
      0,
      0
    ],
    "h:0|v:4|s:2": [
      0,
      0,
      0,
      0
    ],
    "h:3|v:3|s:2": [
      0,
      0,
      0,
      0
    ],
    "h:3|v:2|s:2": [
      0,
      0,
      0,
      0
    ],
    "h:4|v:2|s:2": [
      0,
      0,
      0,
      0
    ],
    "h:5|v:2|s:2": [
      0,
      0,
      0,
      0
    ],
    "h:6|v:1|s:2": [
      0,
      0,
      0,
      0
    ],
    "h:7|v:1|s:2": [
      0,
      0,
      0,
      0
    ],
    "h:7|v:0|s:0": [
      0,
      0.018000000000000002,
      0.085052197675008,
      0
    ],