{
  "hyperparameters": {
    "learningRate": 0.2,
    "discountFactor": 0.95,
    "epsilon": 0.00998645168764533,
    "epsilonDecay": 0.995,
    "epsilonMin": 0.01
  },
  "qTable": {
    "h:0|v:5|s:0": [
      -0.00865782272,
      -0.00865782272,
      -0.00865782272,
      -0.00865782272
    ],
    "h:10|v:3|s:2": [
      0,
      0,
      0,
      0
    ],
    "h:10|v:2|s:2": [
      0,
      0,
      0,
      0
    ],
    "h:11|v:2|s:2": [
      0,
      0,
      0,
      0
    ],
    "h:11|v:1|s:2": [
      0,
      0,
      0,
      0
    ],
    "h:11|v:0|s:2": [
      -1.0027009145908776,
      -0.7181843278818413,
      -1.003302024120324,
      -1.0025534209082398
    ],
    "h:3|v:4|s:2": [
      0,
      0,
      0,
      0
    ],
    "h:5|v:4|s:2": [
      0,
      0,
      0,
      0
    ],
    "h:2|v:4|s:2": [
      0,
      0,
      0,
      0
    ],
    "h:1|v:4|s:2": [
      0,
      0,
      0,
      0
    ],
    "h:1|v:3|s:2": [
      0,
      0,
      0,
      0
    ],
    "h:2|v:3|s:2": [
      0,
      0,
      0,
      0
    ],
    "h:2|v:2|s:2": [
      0,
      0,
      0,
      0
    ],
    "h:2|v:2|s:1": [
      0,
      0,
      0,
      0
    ],
    "h:3|v:2|s:1": [
      0,
      0,
      0,
      0
    ],
    "h:3|v:1|s:1": [
      0,
      0,
      0,
      0
    ],
    "h:4|v:1|s:1": [
      0,
      0,
      0,
      0
    ],
    "h:5|v:1|s:1": [
      0,
      0,
      0,
      0
    ],
    "h:4|v:0|s:1": [
      0,
      0,
      0,
      0
    ],
    "h:6|v:0|s:0": [
      0,
      0,
      0.0790577817921591,
      0.018000000000000002
    ],
    "h:5|v:0|s:0": [
      0.07708858539646432,
      0.032400000000000005,
      0.018000000000000002,
      0
    ],
    "h:5|v:1|s:0": [
      0,
      0,
      0,
      0
    ],
    "h:4|v:1|s:0": [
      0,
      0,
      0,
      0
    ],
    "h:3|v:1|s:0": [
      0,
      0,
      0,
      0
    ],
    "h:3|v:2|s:0": [
      0,
      0,
      0,
      0
    ],
    "h:2|v:2|s:0": [
      -0.002,
      0,
      0,
      0
    ],
    "h:2|v:3|s:0": [
      -0.002,
      -0.002,
      0,
      0
    ],
    "h:1|v:3|s:0": [
      -0.002,
      -0.002,
      -0.0036,
      -0.002
    ],
    "h:3|v:3|s:0": [
      -0.002,
      0,
      0,
      0
    ],
    "h:5|v:3|s:0": [
      -0.002,
      0,
      0,
      0
    ],
    "h:7|v:3|s:0": [
      0,
      0,
      0,
      0
    ],
    "h:8|v:3|s:0": [
      0,
      0,
      0,
      0
    ],
    "h:9|v:3|s:0": [
      -0.002,
      -0.002,
      0,
      0
    ],
    "h:10|v:3|s:0": [
      -0.0036,
      -0.0036,
      -0.0036,
      -0.002
    ],
    "h:10|v:4|s:0": [
      -0.002,
      -0.002,
      0,
      0
    ],
    "h:9|v:4|s:0": [
      -0.002,
      0,
      0,
      0
    ],
    "h:8|v:4|s:0": [
      -0.002,
      -0.002,
      0,
      0
    ],
    "h:6|v:5|s:0": [
      0,
      0,
      0,
      0
    ],
    "h:4|v:5|s:0": [
      0,
      0,
      0,
      0
    ],
    "h:2|v:5|s:0": [
      -0.002,
      0,
      0,
      0
    ],
    "h:1|v:5|s:0": [
      -0.002,
      -0.002,
      -0.002,
      -0.002
    ],
    "h:3|v:5|s:0": [
      0,
      0,
      0,
      0
    ],
    "h:5|v:5|s:0": [
      0,
      0,
      0,
      0
    ],
    "h:7|v:5|s:0": [
      -0.002,
      0,
      0,
      0
    ],
    "h:9|v:5|s:0": [
      -0.002,
      -0.002,
      -0.002,
      -0.002
    ],
    "h:8|v:5|s:0": [
      -0.002,
      0,
      0,
      0
    ],
    "h:2|v:4|s:0": [
      -0.002,
      -0.002,
      0,
      0
    ],
    "h:1|v:4|s:0": [
      -0.0036,
      -0.002,
      -0.002,
      -0.002
    ],
    "h:0|v:4|s:0": [
      -0.0036,
      -0.0036,
      -0.0036,
      -0.0036
    ],
    "h:0|v:3|s:0": [
      -0.0059039999999999995,
      -0.0059039999999999995,
      -0.0059039999999999995,
      -0.00488
    ],
    "h:10|v:4|s:3": [
      0,
      0,
      0,
      0
    ],
    "h:9|v:4|s:2": [
      0,
      0,
      0,
      0
    ],
    "h:8|v:4|s:2": [
      0,
      0,
      0,
      0
    ],
    "h:1|v:2|s:2": [
      0,
      0,
      0,
      0
    ],
    "h:2|v:1|s:2": [
      0,
      0,
      0,
      0
    ],
    "h:3|v:1|s:2": [
      0,
      0,
      0,
      0
    ],
    "h:4|v:1|s:2": [
      0,
      0,
      0,
      0
    ],
    "h:5|v:1|s:2": [
      0,
      0,
      0,
      0
    ],
    "h:7|v:0|s:2": [
      0,
      0,
      0,
      0
    ],
    "h:8|v:0|s:1": [
      0,
      0,
      0,
      0
    ],
    "h:9|v:0|s:1": [
      -0.9378890305847296,
      -0.9432258428160574,
      -0.9393432632511037,
      -0.9267695884002263
    ],
    "h:10|v:1|s:1": [
      0,
      0,
      0,
      0
    ],
    "h:10|v:2|s:1": [
      0,
      0,
      0,
      0
    ],
    "h:11|v:2|s:1": [
      0,
      0,
      0,
      0
    ],
    "h:11|v:3|s:1": [
      0,
      0,
      0,
      0
    ],
    "h:10|v:3|s:1": [
      0,
      0,
      0,
      0
    ],
    "h:9|v:3|s:1": [
      0,
      0,
      0,
      0
    ],
    "h:9|v:4|s:1": [
      0,
      0,
      0,
      0
    ],
    "h:8|v:4|s:1": [
      0,
      0,
      0,
      0
    ],
    "h:7|v:4|s:1": [
      0,
      0,
      0,
      0
    ],
    "h:5|v:4|s:1": [
      0,
      0,
      0,
      0
    ],
    "h:3|v:4|s:1": [
      0,
      0,
      0,
      0
    ],
    "h:11|v:4|s:0": [
      -0.00488,
      -0.00488,
      -0.00488,
      -0.0036
    ],
    "h:11|v:5|s:0": [
      -0.008322278399999999,
      -0.008322278399999999,
      -0.008322278399999999,
      -0.008322278399999999
    ],
    "h:10|v:5|s:0": [
      -0.002,
      -0.002,
      -0.002,
      -0.002
    ],
    "h:11|v:3|s:0": [
      -0.0059039999999999995,
      -0.0059039999999999995,
      -0.0059039999999999995,
      -0.00488
    ],
    "h:11|v:2|s:0": [
      -0.0036,
      -0.0036,
      -0.0036,
      -0.0036
    ],
    "h:11|v:1|s:0": [
      -0.002,
      -0.002,
      -0.002,
      0
    ],
    "h:11|v:0|s:0": [
      -0.8408856627199999,
      -0.8405501184,
      -0.8220112947200001,
      -0.8091307256782232
    ],
    "h:10|v:4|s:1": [
      0,
      0,
      0,
      0
    ],
    "h:11|v:4|s:1": [
      0,
      0,
      0,
      0
    ],
    "h:9|v:2|s:1": [
      0,
      0,
      0,
      0
    ],
    "h:8|v:2|s:1": [
      0,
      0,
      0,
      0
    ],
    "h:6|v:2|s:1": [
      0,
      0,
      0,
      0
    ],
    "h:4|v:2|s:1": [
      0,
      0,
      0,
      0
    ],
    "h:2|v:1|s:1": [
      0,
      0,
      0,
      0
    ],
    "h:6|v:1|s:1": [
      0,
      0,
      0,
      0
    ],
    "h:8|v:1|s:1": [
      0,
      0,
      0,
      0
    ],
    "h:9|v:1|s:1": [
      0,
      0,
      0,
      0
    ],
    "h:10|v:0|s:1": [
      -1.0098925983779405,
      -1.0098925983779405,
      -1.0098925983779405,
      -1.0098657479724258
    ],
    "h:11|v:0|s:1": [
      -0.9606044753942213,
      -0.9671299622427767,
      -0.9643911581682237,
      -0.9573277706509533
    ],
    "h:0|v:3|s:1": [
      0,
      0,
      0,
      0
    ],
    "h:1|v:3|s:1": [
      0,
      0,
      0,
      0
    ],
    "h:2|v:3|s:1": [
      0,
      0,
      0,
      0
    ],
    "h:3|v:3|s:1": [
      0,
      0,
      0,
      0
    ],
    "h:5|v:2|s:1": [
      0,
      0,
      0,
      0
    ],
    "h:7|v:2|s:1": [
      0,
      0,
      0,
      0
    ],
    "h:1|v:1|s:1": [
      0,
      0,
      0,
      0
    ],
    "h:1|v:0|s:1": [
      -0.8884106210254232,
      -0.901552075776,
      -0.901552075776,
      -0.901552075776
    ],
    "h:11|v:5|s:1": [
      0,
      0,
      0,
      0
    ],
    "h:10|v:5|s:1": [
      0,
      0,
      0,
      0
    ],
    "h:1|v:2|s:1": [
      0,
      0,
      0,
      0
    ],
    "h:7|v:1|s:1": [
      0,
      0,
      0,
      0
    ],
    "h:0|v:4|s:2": [
      0,
      0,
      0,
      0
    ],
    "h:3|v:3|s:2": [
      0,
      0,
      0,
      0
    ],
    "h:3|v:2|s:2": [
      0,
      0,
      0,
      0
    ],