{
  "hyperparameters": {
    "learningRate": 0.2,
    "discountFactor": 0.95,
    "epsilon": 0.6057704364907278,
    "epsilonDecay": 0.995,
    "epsilonMin": 0.01
  },
  "qTable": {
    "h:0|v:5|s:0": [
      -0.002,
      -0.002,
      0,
      0
    ],
    "h:10|v:3|s:2": [
      0,
      0,
      0,
      0
    ],
    "h:10|v:2|s:2": [
      0,
      0,
      0,
      0
    ],
    "h:11|v:2|s:2": [
      0,
      0,
      0,
      0
    ],
    "h:11|v:1|s:2": [
      0,
      0,
      0,
      0
    ],
    "h:11|v:0|s:2": [
      -0.202,
      -0.202,
      -0.202,
      -0.202
    ],
    "h:3|v:4|s:2": [
      0,
      0,
      0,
      0
    ],
    "h:5|v:4|s:2": [
      0,
      0,
      0,
      0
    ],
    "h:2|v:4|s:2": [
      0,
      0,
      0,
      0
    ],
    "h:1|v:4|s:2": [
      0,
      0,
      0,
      0
    ],
    "h:1|v:3|s:2": [
      0,
      0,
      0,
      0
    ],
    "h:2|v:3|s:2": [
      0,
      0,
      0,
      0
    ],
    "h:2|v:2|s:2": [
      0,
      0,
      0,
      0
    ],
    "h:2|v:2|s:1": [
      0,
      0,
      0,
      0
    ],
    "h:3|v:2|s:1": [
      0,
      0,
      0,
      0
    ],
    "h:3|v:1|s:1": [
      0,
      0,
      0,
      0
    ],
    "h:4|v:1|s:1": [
      0,
      0,
      0,
      0
    ],
    "h:5|v:1|s:1": [
      0,
      0,
      0,
      0
    ],
    "h:4|v:0|s:1": [
      0,
      0,
      0,
      0
    ],
    "h:6|v:0|s:0": [
      0,
      0,
      0.018000000000000002,
      0.018000000000000002
    ],
    "h:5|v:0|s:0": [
      0.018000000000000002,
      0.018000000000000002,
      0,
      0
    ],
    "h:5|v:1|s:0": [
      0,
      0,
      0,
      0
    ],
    "h:4|v:1|s:0": [
      0,
      0,
      0,
      0
    ],
    "h:3|v:1|s:0": [
      0,
      0,
      0,
      0
    ],
    "h:3|v:2|s:0": [
      0,
      0,
      0,
      0
    ],
    "h:2|v:2|s:0": [
      0,
      0,
      0,
      0
    ],
    "h:2|v:3|s:0": [
      0,
      0,
      0,
      0
    ],
    "h:1|v:3|s:0": [
      -0.002,
      0,
      0,
      0
    ],
    "h:3|v:3|s:0": [
      0,
      0,
      0,
      0
    ],
    "h:5|v:3|s:0": [
      0,
      0,
      0,
      0
    ],
    "h:7|v:3|s:0": [
      0,
      0,
      0,
      0
    ],
    "h:8|v:3|s:0": [
      0,
      0,
      0,
      0
    ],
    "h:9|v:3|s:0": [
      0,
      0,
      0,
      0
    ],
    "h:10|v:3|s:0": [
      0,
      0,
      -0.002,
      0
    ],
    "h:10|v:4|s:0": [
      0,
      0,
      0,
      0
    ],
    "h:9|v:4|s:0": [
      0,
      0,
      0,
      0
    ],
    "h:8|v:4|s:0": [
      0,
      0,
      0,
      0
    ],
    "h:6|v:5|s:0": [
      0,
      0,
      0,
      0
    ],
    "h:4|v:5|s:0": [
      0,
      0,
      0,
      0
    ],
    "h:2|v:5|s:0": [
      0,
      0,
      0,
      0
    ],
    "h:1|v:5|s:0": [
      0,
      0,
      0,
      0
    ],
    "h:3|v:5|s:0": [
      0,
      0,
      0,
      0
    ],
    "h:5|v:5|s:0": [
      0,
      0,
      0,
      0
    ],
    "h:7|v:5|s:0": [
      0,
      0,
      0,
      0
    ],
    "h:9|v:5|s:0": [
      0,
      0,
      0,
      0
    ],
    "h:8|v:5|s:0": [
      0,
      0,
      0,
      0
    ],
    "h:2|v:4|s:0": [
      0,
      0,
      0,
      0
    ],
    "h:1|v:4|s:0": [
      0,
      0,
      0,
      0
    ],
    "h:0|v:4|s:0": [
      0,
      0,
      0,
      0
    ],
    "h:0|v:3|s:0": [
      0,
      0,
      0,
      0
    ],
    "h:10|v:4|s:3": [
      0,
      0,
      0,
      0
    ],
    "h:9|v:4|s:2": [
      0,
      0,
      0,
      0
    ],
    "h:8|v:4|s:2": [
      0,
      0,
      0,
      0
    ],
    "h:1|v:2|s:2": [
      0,
      0,
      0,
      0
    ],
    "h:2|v:1|s:2": [
      0,
      0,
      0,
      0
    ],
    "h:3|v:1|s:2": [
      0,
      0,
      0,
      0
    ],
    "h:4|v:1|s:2": [
      0,
      0,
      0,
      0
    ],
    "h:5|v:1|s:2": [
      0,
      0,
      0,
      0
    ],
    "h:7|v:0|s:2": [
      0,
      0,
      0,
      0
    ],
    "h:8|v:0|s:1": [
      0,
      0,
      0,
      0
    ],
    "h:9|v:0|s:1": [
      -0.202,
      -0.002,
      0,
      -0.18200000000000002
    ],
    "h:10|v:1|s:1": [
      0,
      0,
      0,
      0
    ],
    "h:10|v:2|s:1": [
      0,
      0,
      0,
      0
    ],
    "h:11|v:2|s:1": [
      0,
      0,
      0,
      0
    ],
    "h:11|v:3|s:1": [
      0,
      0,
      0,
      0
    ],
    "h:10|v:3|s:1": [
      0,
      0,
      0,
      0
    ],
    "h:9|v:3|s:1": [
      0,
      0,
      0,
      0
    ],
    "h:9|v:4|s:1": [
      0,
      0,
      0,
      0
    ],
    "h:8|v:4|s:1": [
      0,
      0,
      0,
      0
    ],
    "h:7|v:4|s:1": [
      0,
      0,
      0,
      0
    ],
    "h:5|v:4|s:1": [
      0,
      0,
      0,
      0
    ],
    "h:3|v:4|s:1": [
      0,
      0,
      0,
      0
    ],
    "h:11|v:4|s:0": [
      0,
      0,
      0,
      0
    ],
    "h:11|v:5|s:0": [
      -0.002,
      0,
      0,
      -0.002
    ],
    "h:10|v:5|s:0": [
      0,
      0,
      0,
      0
    ],
    "h:11|v:3|s:0": [
      0,
      0,
      0,
      0
    ],
    "h:11|v:2|s:0": [
      0,
      -0.002,
      0,
      0
    ],
    "h:11|v:1|s:0": [
      0,
      0,
      0,
      0
    ],
    "h:11|v:0|s:0": [
      -0.002,
      -0.36360000000000003,
      -0.36360000000000003,
      0
    ],
    "h:10|v:4|s:1": [
      0,
      0,
      0,
      0
    ],
    "h:11|v:4|s:1": [
      0,
      0,
      0,
      0
    ],
    "h:9|v:2|s:1": [
      0,
      0,
      0,
      0
    ],
    "h:8|v:2|s:1": [
      0,
      0,
      0,
      0
    ],
    "h:6|v:2|s:1": [
      0,
      0,
      0,
      0
    ],
    "h:4|v:2|s:1": [
      0,
      0,
      0,
      0
    ],
    "h:2|v:1|s:1": [
      0,
      0,
      0,
      0
    ],
    "h:6|v:1|s:1": [
      0,
      0,
      0,
      0
    ],
    "h:8|v:1|s:1": [
      0,
      0,
      0,
      0
    ],
    "h:9|v:1|s:1": [
      0,
      0,
      0,
      0
    ],
    "h:10|v:0|s:1": [
      -0.202,
      -0.36360000000000003,
      -0.202,
      -0.36360000000000003
    ],
    "h:11|v:0|s:1": [
      0,
      -0.36360000000000003,
      -0.36360000000000003,
      -0.36360000000000003
    ],
    "h:0|v:3|s:1": [
      0,
      0,
      0,
      0
    ],
    "h:1|v:3|s:1": [
      0,
      0,
      0,
      0
    ],
    "h:2|v:3|s:1": [
      0,
      0,
      0,
      0
    ],
    "h:3|v:3|s:1": [
      0,
      0,
      0,
      0
    ],
    "h:5|v:2|s:1": [
      0,
      0,
      0,
      0
    ],
    "h:7|v:2|s:1": [
      0,
      0,
      0,
      0
    ],
    "h:1|v:1|s:1": [
      0,
      0,
      0,
      0
    ],
    "h:1|v:0|s:1": [
      -0.49288000000000004,
      -0.49288000000000004,
      -0.36360000000000003,
      -0.36360000000000003
    ],
    "h:11|v:5|s:1": [
      0,
      0,
      0,
      0
    ],
    "h:10|v:5|s:1": [
      0,
      0,
      0,
      0
    ],
    "h:1|v:2|s:1": [
      0,
      0,
      0,
      0
    ],
    "h:7|v:1|s:1": [
      0,
      0,
      0,
      0
    ],
    "h:0|v:4|s:2": [
      0,
      0,
      0,
      0
    ],
    "h:3|v:3|s:2": [
      0,
      0,
      0,
      0
    ],
    "h:3|v:2|s:2": [
      0,
      0,
      0,
      0
    ],
    "h:4|v:2|s:2": [
      0,
      0,
      0,
      0
    ],
    "h:5|v:2|s:2": [
      0,
      0,
      0,
      0
    ],
    "h:6|v:1|s:2": [
      0,
      0,
      0,
      0
    ],
    "h:7|v:1|s:2": [
      0,
      0,
      0,
      0
    ],
    "h:7|v:0|s:0": [
      0,
      0.018000000000000002,
      0.032400000000000005,
      0
    ],
    "h:0|v:1|s:1": [
      0,
      0,
      0,
      0
    ],
    "h:0|v:0|s:1": [
      -0.308304,
      -0.36360000000000003,
      0,
      -0.202
    ],
    "h:5|v:3|s:1": [
      0,
      0,
      0,
      0
    ],
    "h:4|v:3|s:1": [
      0,
      0,
      0,
      0
    ],
    "h:0|v:2|s:1": [
      0,
      0,
      0,
      0
    ],