{
  "hyperparameters": {
    "learningRate": 0.2,
    "discountFactor": 0.95,
    "epsilon": 0.00998645168764533,
    "epsilonDecay": 0.995,
    "epsilonMin": 0.01
  },
  "qTable": {
    "h:0|v:5|s:0": [
      -0.0067231999999999995,
      -0.0059039999999999995,
      -0.0059039999999999995,
      -0.0059039999999999995
    ],
    "h:10|v:3|s:2": [
      0,
      0,
      0,
      0
    ],
    "h:10|v:2|s:2": [
      0,
      0,
      0,
      0
    ],
    "h:11|v:2|s:2": [
      0,
      0,
      0,
      0
    ],
    "h:11|v:1|s:2": [
      0,
      0,
      0,
      0
    ],
    "h:11|v:0|s:2": [
      -0.9983554928034708,
      -0.9983554928034708,
      -0.9969180158600083,
      -0.9815935551004021
    ],
    "h:3|v:4|s:2": [
      0,
      0,
      0,
      0
    ],
    "h:5|v:4|s:2": [
      0,
      0,
      0,
      0
    ],
    "h:2|v:4|s:2": [
      0,
      0,
      0,
      0
    ],
    "h:1|v:4|s:2": [
      0,
      0,
      0,
      0
    ],
    "h:1|v:3|s:2": [
      0,
      0,
      0,
      0
    ],
    "h:2|v:3|s:2": [
      0,
      0,
      0,
      0
    ],
    "h:2|v:2|s:2": [
      0,
      0,
      0,
      0
    ],
    "h:2|v:2|s:1": [
      0,
      0,
      0,
      0
    ],
    "h:3|v:2|s:1": [
      0,
      0,
      0,
      0
    ],
    "h:3|v:1|s:1": [
      0,
      0,
      0,
      0
    ],
    "h:4|v:1|s:1": [
      0,
      0,
      0,
      0
    ],
    "h:5|v:1|s:1": [
      0,
      0,
      0,
      0
    ],
    "h:4|v:0|s:1": [
      0,
      0,
      0,
      0
    ],
    "h:6|v:0|s:0": [
      0,
      0,
      0.08665156265334648,
      0.018000000000000002
    ],
    "h:5|v:0|s:0": [
      0.08916989651668307,
      0.032400000000000005,
      0.018000000000000002,
      0
    ],
    "h:5|v:1|s:0": [
      0,
      0,
      0,
      0
    ],
    "h:4|v:1|s:0": [
      0,
      0,
      0,
      0
    ],
    "h:3|v:1|s:0": [
      0,
      0,
      0,
      0
    ],
    "h:3|v:2|s:0": [
      0,
      0,
      0,
      0
    ],
    "h:2|v:2|s:0": [
      0,
      0,
      0,
      0
    ],
    "h:2|v:3|s:0": [
      -0.002,
      -0.002,
      0,
      0
    ],
    "h:1|v:3|s:0": [
      -0.002,
      -0.002,
      -0.0036,
      -0.002
    ],
    "h:3|v:3|s:0": [
      0,
      0,
      0,
      0
    ],
    "h:5|v:3|s:0": [
      0,
      0,
      0,
      0
    ],
    "h:7|v:3|s:0": [
      0,
      0,
      0,
      0
    ],
    "h:8|v:3|s:0": [
      0,
      0,
      0,
      0
    ],
    "h:9|v:3|s:0": [
      -0.002,
      -0.002,
      0,
      0
    ],
    "h:10|v:3|s:0": [
      -0.002,
      -0.002,
      -0.002,
      -0.002
    ],
    "h:10|v:4|s:0": [
      -0.002,
      -0.002,
      0,
      0
    ],
    "h:9|v:4|s:0": [
      -0.002,
      0,
      0,
      0
    ],
    "h:8|v:4|s:0": [
      -0.002,
      -0.002,
      0,
      0
    ],
    "h:6|v:5|s:0": [
      0,
      0,
      0,
      0
    ],
    "h:4|v:5|s:0": [
      0,
      0,
      0,
      0
    ],
    "h:2|v:5|s:0": [
      -0.002,
      0,
      0,
      0
    ],
    "h:1|v:5|s:0": [
      -0.002,
      -0.002,
      -0.002,
      0
    ],
    "h:3|v:5|s:0": [
      0,
      0,
      0,
      0
    ],
    "h:5|v:5|s:0": [
      0,
      0,
      0,
      0
    ],
    "h:7|v:5|s:0": [
      -0.002,
      0,
      0,
      0
    ],
    "h:9|v:5|s:0": [
      -0.002,
      -0.002,
      -0.002,
      0
    ],
    "h:8|v:5|s:0": [
      -0.002,
      0,
      0,
      0
    ],
    "h:2|v:4|s:0": [
      -0.002,
      -0.002,
      0,
      0
    ],
    "h:1|v:4|s:0": [
      -0.0036,
      -0.002,
      -0.002,
      -0.002
    ],
    "h:0|v:4|s:0": [
      -0.0036,
      -0.002,
      -0.002,
      -0.002
    ],
    "h:0|v:3|s:0": [
      -0.00488,
      -0.00488,
      -0.00488,
      -0.00488
    ],
    "h:10|v:4|s:3": [
      0,
      0,
      0,
      0
    ],
    "h:9|v:4|s:2": [
      0,
      0,
      0,
      0
    ],
    "h:8|v:4|s:2": [
      0,
      0,
      0,
      0
    ],
    "h:1|v:2|s:2": [
      0,
      0,
      0,
      0
    ],
    "h:2|v:1|s:2": [
      0,
      0,
      0,
      0
    ],
    "h:3|v:1|s:2": [
      0,
      0,
      0,
      0
    ],
    "h:4|v:1|s:2": [
      0,
      0,
      0,
      0
    ],
    "h:5|v:1|s:2": [
      0,
      0,
      0,
      0
    ],
    "h:7|v:0|s:2": [
      0,
      0,
      0,
      0
    ],
    "h:8|v:0|s:1": [
      0,
      0,
      0,
      0
    ],
    "h:9|v:0|s:1": [
      -0.83876291072,
      -0.81669366272,
      -0.82945449472,
      -0.82385034752
    ],
    "h:10|v:1|s:1": [
      0,
      0,
      0,
      0
    ],
    "h:10|v:2|s:1": [
      0,
      0,
      0,
      0
    ],
    "h:11|v:2|s:1": [
      0,
      0,
      0,
      0
    ],
    "h:11|v:3|s:1": [
      0,
      0,
      0,
      0
    ],
    "h:10|v:3|s:1": [
      0,
      0,
      0,
      0
    ],
    "h:9|v:3|s:1": [
      0,
      0,
      0,
      0
    ],
    "h:9|v:4|s:1": [
      0,
      0,
      0,
      0
    ],
    "h:8|v:4|s:1": [
      0,
      0,
      0,
      0
    ],
    "h:7|v:4|s:1": [
      0,
      0,
      0,
      0
    ],
    "h:5|v:4|s:1": [
      0,
      0,
      0,
      0
    ],
    "h:3|v:4|s:1": [
      0,
      0,
      0,
      0
    ],
    "h:11|v:4|s:0": [
      -0.0036,
      -0.0036,
      -0.0036,
      -0.0036
    ],
    "h:11|v:5|s:0": [
      -0.007902847999999999,
      -0.007902847999999999,
      -0.007902847999999999,
      -0.007378559999999999
    ],
    "h:10|v:5|s:0": [
      -0.002,
      0,
      0,
      0
    ],
    "h:11|v:3|s:0": [
      -0.0059039999999999995,
      -0.00488,
      -0.00488,
      -0.00488
    ],
    "h:11|v:2|s:0": [
      -0.0036,
      -0.0036,
      -0.0036,
      -0.002
    ],
    "h:11|v:1|s:0": [
      -0.002,
      -0.002,
      0,
      0
    ],
    "h:11|v:0|s:0": [
      -0.7457588479999999,
      -0.7981876480000001,
      -0.7750141184000001,
      -0.7553056606208001
    ],
    "h:10|v:4|s:1": [
      0,
      0,
      0,
      0
    ],
    "h:11|v:4|s:1": [
      0,
      0,
      0,
      0
    ],
    "h:9|v:2|s:1": [
      0,
      0,
      0,
      0
    ],
    "h:8|v:2|s:1": [
      0,
      0,
      0,
      0
    ],
    "h:6|v:2|s:1": [
      0,
      0,
      0,
      0
    ],
    "h:4|v:2|s:1": [
      0,
      0,
      0,
      0
    ],
    "h:2|v:1|s:1": [
      0,
      0,
      0,
      0
    ],
    "h:6|v:1|s:1": [
      0,
      0,
      0,
      0
    ],
    "h:8|v:1|s:1": [
      0,
      0,
      0,
      0
    ],
    "h:9|v:1|s:1": [
      0,
      0,
      0,
      0
    ],
    "h:10|v:0|s:1": [
      -1.0075579698443784,
      -1.0075579698443784,
      -1.0075579698443784,
      -1.006947462305473
    ],
    "h:11|v:0|s:1": [
      -0.9655797302378496,
      -0.9564124528034709,
      -0.9643911581682237,
      -0.8538697461235767
    ],
    "h:0|v:3|s:1": [
      0,
      0,
      0,
      0
    ],
    "h:1|v:3|s:1": [
      0,
      0,
      0,
      0
    ],
    "h:2|v:3|s:1": [
      0,
      0,
      0,
      0
    ],
    "h:3|v:3|s:1": [
      0,
      0,
      0,
      0
    ],
    "h:5|v:2|s:1": [
      0,
      0,
      0,
      0
    ],
    "h:7|v:2|s:1": [
      0,
      0,
      0,
      0
    ],
    "h:1|v:1|s:1": [
      0,
      0,
      0,
      0
    ],
    "h:1|v:0|s:1": [
      -0.888938662797312,
      -0.901552075776,
      -0.901552075776,
      -0.8744400947200001
    ],
    "h:11|v:5|s:1": [
      0,
      0,
      0,
      0
    ],
    "h:10|v:5|s:1": [
      0,
      0,
      0,
      0
    ],
    "h:1|v:2|s:1": [
      0,
      0,
      0,
      0
    ],
    "h:7|v:1|s:1": [
      0,
      0,
      0,
      0
    ],
    "h:0|v:4|s:2": [
      0,
      0,
      0,
      0
    ],
    "h:3|v:3|s:2": [
      0,
      0,
      0,
      0
    ],
    "h:3|v:2|s:2": [
      0,
      0,
      0,
      0
    ],
    "h:4|v:2|s:2": [
      0,
      0,
      0,
      0
    ],
    "h:5|v:2|s:2": [
      0,
      0,
      0,
      0
    ],