{
  "hyperparameters": {
    "learningRate": 0.2,
    "discountFactor": 0.95,
    "epsilon": 0.00998645168764533,
    "epsilonDecay": 0.995,
    "epsilonMin": 0.01
  },
  "qTable": {
    "h:0|v:5|s:0": [
      -0.009450244186111999,
      -0.009450244186111999,
      -0.009450244186111999,
      -0.00931280523264
    ],
    "h:10|v:3|s:2": [
      0,
      0,
      0,
      0
    ],
    "h:10|v:2|s:2": [
      0,
      0,
      0,
      0
    ],
    "h:11|v:2|s:2": [
      0,
      0,
      0,
      0
    ],
    "h:11|v:1|s:2": [
      0,
      0,
      0,
      0
    ],
    "h:11|v:0|s:2": [
      -1.0062628682705295,
      -1.006213839041172,
      -1.0065706363496059,
      -1.0061873515050188
    ],
    "h:3|v:4|s:2": [
      0,
      0,
      0,
      0
    ],
    "h:5|v:4|s:2": [
      0,
      0,
      0,
      0
    ],
    "h:2|v:4|s:2": [
      0,
      0,
      0,
      0
    ],
    "h:1|v:4|s:2": [
      0,
      0,
      0,
      0
    ],
    "h:1|v:3|s:2": [
      0,
      0,
      0,
      0
    ],
    "h:2|v:3|s:2": [
      0,
      0,
      0,
      0
    ],
    "h:2|v:2|s:2": [
      0,
      0,
      0,
      0
    ],
    "h:2|v:2|s:1": [
      0,
      0,
      0,
      0
    ],
    "h:3|v:2|s:1": [
      0,
      0,
      0,
      0
    ],
    "h:3|v:1|s:1": [
      0,
      0,
      0,
      0
    ],
    "h:4|v:1|s:1": [
      0,
      0,
      0,
      0
    ],
    "h:5|v:1|s:1": [
      0,
      0,
      0,
      0
    ],
    "h:4|v:0|s:1": [
      0,
      0,
      0,
      0
    ],
    "h:6|v:0|s:0": [
      0,
      0.018000000000000002,
      0.08551806742206837,
      0.018000000000000002
    ],
    "h:5|v:0|s:0": [
      0.08576918766271344,
      0.032400000000000005,
      0.018000000000000002,
      0
    ],
    "h:5|v:1|s:0": [
      0,
      0,
      0,
      0
    ],
    "h:4|v:1|s:0": [
      0,
      0,
      0,
      0
    ],
    "h:3|v:1|s:0": [
      -0.002,
      0,
      0,
      0
    ],
    "h:3|v:2|s:0": [
      0,
      0,
      0,
      0
    ],
    "h:2|v:2|s:0": [
      -0.002,
      -0.002,
      0,
      0
    ],
    "h:2|v:3|s:0": [
      -0.002,
      -0.002,
      -0.002,
      -0.002
    ],
    "h:1|v:3|s:0": [
      -0.0036,
      -0.002,
      -0.0036,
      -0.002
    ],
    "h:3|v:3|s:0": [
      -0.002,
      -0.002,
      0,
      0
    ],
    "h:5|v:3|s:0": [
      -0.002,
      0,
      0,
      0
    ],
    "h:7|v:3|s:0": [
      0,
      0,
      0,
      0
    ],
    "h:8|v:3|s:0": [
      0,
      0,
      0,
      0
    ],
    "h:9|v:3|s:0": [
      -0.002,
      -0.002,
      -0.002,
      0
    ],
    "h:10|v:3|s:0": [
      -0.00488,
      -0.00488,
      -0.0036,
      -0.0036
    ],
    "h:10|v:4|s:0": [
      -0.002,
      -0.002,
      -0.002,
      0
    ],
    "h:9|v:4|s:0": [
      -0.002,
      -0.002,
      0,
      0
    ],
    "h:8|v:4|s:0": [
      -0.002,
      -0.002,
      0,
      0
    ],
    "h:6|v:5|s:0": [
      -0.002,
      0,
      0,
      0
    ],
    "h:4|v:5|s:0": [
      0,
      0,
      0,
      0
    ],
    "h:2|v:5|s:0": [
      -0.002,
      0,
      0,
      0
    ],
    "h:1|v:5|s:0": [
      -0.0036,
      -0.0036,
      -0.0036,
      -0.002
    ],
    "h:3|v:5|s:0": [
      -0.002,
      0,
      0,
      0
    ],
    "h:5|v:5|s:0": [
      0,
      0,
      0,
      0
    ],
    "h:7|v:5|s:0": [
      -0.002,
      0,
      0,
      0
    ],
    "h:9|v:5|s:0": [
      -0.002,
      -0.002,
      -0.002,
      -0.002
    ],
    "h:8|v:5|s:0": [
      -0.002,
      0,
      0,
      0
    ],
    "h:2|v:4|s:0": [
      -0.002,
      -0.002,
      -0.002,
      0
    ],
    "h:1|v:4|s:0": [
      -0.0036,
      -0.0036,
      -0.002,
      -0.002
    ],
    "h:0|v:4|s:0": [
      -0.00488,
      -0.00488,
      -0.0036,
      -0.0036
    ],
    "h:0|v:3|s:0": [
      -0.0067231999999999995,
      -0.0067231999999999995,
      -0.0059039999999999995,
      -0.0059039999999999995
    ],
    "h:10|v:4|s:3": [
      0,
      0,
      0,
      0
    ],
    "h:9|v:4|s:2": [
      0,
      0,
      0,
      0
    ],
    "h:8|v:4|s:2": [
      0,
      0,
      0,
      0
    ],
    "h:1|v:2|s:2": [
      0,
      0,
      0,
      0
    ],
    "h:2|v:1|s:2": [
      0,
      0,
      0,
      0
    ],
    "h:3|v:1|s:2": [
      0,
      0,
      0,
      0
    ],
    "h:4|v:1|s:2": [
      0,
      0,
      0,
      0
    ],
    "h:5|v:1|s:2": [
      0,
      0,
      0,
      0
    ],
    "h:7|v:0|s:2": [
      0,
      0,
      0,
      0
    ],
    "h:8|v:0|s:1": [
      0,
      0,
      0,
      0
    ],
    "h:9|v:0|s:1": [
      -0.9602791836593816,
      -0.9598116315218214,
      -0.9610237507845651,
      -0.929141646981589
    ],
    "h:10|v:1|s:1": [
      0,
      0,
      0,
      0
    ],
    "h:10|v:2|s:1": [
      0,
      0,
      0,
      0
    ],
    "h:11|v:2|s:1": [
      0,
      0,
      0,
      0
    ],
    "h:11|v:3|s:1": [
      0,
      0,
      0,
      0
    ],
    "h:10|v:3|s:1": [
      0,
      0,
      0,
      0
    ],
    "h:9|v:3|s:1": [
      0,
      0,
      0,
      0
    ],
    "h:9|v:4|s:1": [
      0,
      0,
      0,
      0
    ],
    "h:8|v:4|s:1": [
      0,
      0,
      0,
      0
    ],
    "h:7|v:4|s:1": [
      0,
      0,
      0,
      0
    ],
    "h:5|v:4|s:1": [
      0,
      0,
      0,
      0
    ],
    "h:3|v:4|s:1": [
      0,
      0,
      0,
      0
    ],
    "h:11|v:4|s:0": [
      -0.0059039999999999995,
      -0.0059039999999999995,
      -0.0059039999999999995,
      -0.00488
    ],
    "h:11|v:5|s:0": [
      -0.008926258176,
      -0.008926258176,
      -0.008926258176,
      -0.00865782272
    ],
    "h:10|v:5|s:0": [
      -0.0036,
      -0.002,
      -0.002,
      -0.002
    ],
    "h:11|v:3|s:0": [
      -0.0067231999999999995,
      -0.0059039999999999995,
      -0.0059039999999999995,
      -0.0059039999999999995
    ],
    "h:11|v:2|s:0": [
      -0.00488,
      -0.0036,
      -0.0036,
      -0.0036
    ],
    "h:11|v:1|s:0": [
      -0.0036,
      -0.002,
      -0.002,
      -0.002
    ],
    "h:11|v:0|s:0": [
      -0.8747085301759999,
      -0.8744400947200001,
      -0.8596090357760001,
      -0.5471549315472503
    ],
    "h:10|v:4|s:1": [
      0,
      0,
      0,
      0
    ],
    "h:11|v:4|s:1": [
      0,
      0,
      0,
      0
    ],
    "h:9|v:2|s:1": [
      0,
      0,
      0,
      0
    ],
    "h:8|v:2|s:1": [
      0,
      0,
      0,
      0
    ],
    "h:6|v:2|s:1": [
      0,
      0,
      0,
      0
    ],
    "h:4|v:2|s:1": [
      0,
      0,
      0,
      0
    ],
    "h:2|v:1|s:1": [
      0,
      0,
      0,
      0
    ],
    "h:6|v:1|s:1": [
      0,
      0,
      0,
      0
    ],
    "h:8|v:1|s:1": [
      0,
      0,
      0,
      0
    ],
    "h:9|v:1|s:1": [
      0,
      0,
      0,
      0
    ],
    "h:10|v:0|s:1": [
      -1.0054962674158614,
      -1.0099926194167315,
      -1.0099926194167315,
      -1.0099926194167315
    ],
    "h:11|v:0|s:1": [
      -0.9897675931214731,
      -0.9880505406683017,
      -0.9866482729821305,
      -0.9859774201776599
    ],
    "h:0|v:3|s:1": [
      0,
      0,
      0,
      0
    ],
    "h:1|v:3|s:1": [
      0,
      0,
      0,
      0
    ],
    "h:2|v:3|s:1": [
      0,
      0,
      0,
      0
    ],
    "h:3|v:3|s:1": [
      0,
      0,
      0,
      0
    ],
    "h:5|v:2|s:1": [
      0,
      0,
      0,
      0
    ],
    "h:7|v:2|s:1": [
      0,
      0,
      0,
      0
    ],
    "h:1|v:1|s:1": [
      0,
      0,
      0,
      0
    ],
    "h:1|v:0|s:1": [
      -0.9127284968203386,
      -0.7232416606208001,
      -0.901552075776,
      -0.901552075776
    ],
    "h:11|v:5|s:1": [
      0,
      0,
      0,
      0
    ],
    "h:10|v:5|s:1": [
      0,
      0,
      0,
      0
    ],
    "h:1|v:2|s:1": [
      0,
      0,
      0,
      0
    ],
    "h:7|v:1|s:1": [
      0,
      0,
      0,
      0
    ],