{
  "hyperparameters": {
    "learningRate": 0.2,
    "discountFactor": 0.95,
    "epsilon": 0.00998645168764533,
    "epsilonDecay": 0.995,
    "epsilonMin": 0.01
  },
  "qTable": {
    "h:0|v:5|s:0": [
      -0.007378559999999999,
      -0.007378559999999999,
      -0.007378559999999999,
      -0.007378559999999999
    ],
    "h:10|v:3|s:2": [
      0,
      0,
      0,
      0
    ],
    "h:10|v:2|s:2": [
      0,
      0,
      0,
      0
    ],
    "h:11|v:2|s:2": [
      0,
      0,
      0,
      0
    ],
    "h:11|v:1|s:2": [
      0,
      0,
      0,
      0
    ],
    "h:11|v:0|s:2": [
      -0.9983554928034708,
      -0.9983554928034708,
      -0.9995344126880066,
      -0.9983647201691248
    ],
    "h:3|v:4|s:2": [
      0,
      0,
      0,
      0
    ],
    "h:5|v:4|s:2": [
      0,
      0,
      0,
      0
    ],
    "h:2|v:4|s:2": [
      0,
      0,
      0,
      0
    ],
    "h:1|v:4|s:2": [
      0,
      0,
      0,
      0
    ],
    "h:1|v:3|s:2": [
      0,
      0,
      0,
      0
    ],
    "h:2|v:3|s:2": [
      0,
      0,
      0,
      0
    ],
    "h:2|v:2|s:2": [
      0,
      0,
      0,
      0
    ],
    "h:2|v:2|s:1": [
      0,
      0,
      0,
      0
    ],
    "h:3|v:2|s:1": [
      0,
      0,
      0,
      0
    ],
    "h:3|v:1|s:1": [
      0,
      0,
      0,
      0
    ],
    "h:4|v:1|s:1": [
      0,
      0,
      0,
      0
    ],
    "h:5|v:1|s:1": [
      0,
      0,
      0,
      0
    ],
    "h:4|v:0|s:1": [
      0,
      0,
      0,
      0
    ],
    "h:6|v:0|s:0": [
      0,
      0,
      0.08665156265334648,
      0.018000000000000002
    ],
    "h:5|v:0|s:0": [
      0.08933591721334645,
      0.032400000000000005,
      0.018000000000000002,
      0
    ],
    "h:5|v:1|s:0": [
      0,
      0,
      0,
      0
    ],
    "h:4|v:1|s:0": [
      0,
      0,
      0,
      0
    ],
    "h:3|v:1|s:0": [
      0,
      0,
      0,
      0
    ],
    "h:3|v:2|s:0": [
      0,
      0,
      0,
      0
    ],
    "h:2|v:2|s:0": [
      0,
      0,
      0,
      0
    ],
    "h:2|v:3|s:0": [
      -0.002,
      -0.002,
      0,
      0
    ],
    "h:1|v:3|s:0": [
      -0.002,
      -0.002,
      -0.0036,
      -0.002
    ],
    "h:3|v:3|s:0": [
      0,
      0,
      0,
      0
    ],
    "h:5|v:3|s:0": [
      0,
      0,
      0,
      0
    ],
    "h:7|v:3|s:0": [
      0,
      0,
      0,
      0
    ],
    "h:8|v:3|s:0": [
      0,
      0,
      0,
      0
    ],
    "h:9|v:3|s:0": [
      -0.002,
      -0.002,
      0,
      0
    ],
    "h:10|v:3|s:0": [
      -0.0036,
      -0.002,
      -0.002,
      -0.002
    ],
    "h:10|v:4|s:0": [
      -0.002,
      -0.002,
      0,
      0
    ],
    "h:9|v:4|s:0": [
      -0.002,
      0,
      0,
      0
    ],
    "h:8|v:4|s:0": [
      -0.002,
      -0.002,
      0,
      0
    ],
    "h:6|v:5|s:0": [
      0,
      0,
      0,
      0
    ],
    "h:4|v:5|s:0": [
      0,
      0,
      0,
      0
    ],
    "h:2|v:5|s:0": [
      -0.002,
      0,
      0,
      0
    ],
    "h:1|v:5|s:0": [
      -0.002,
      -0.002,
      -0.002,
      -0.002
    ],
    "h:3|v:5|s:0": [
      0,
      0,
      0,
      0
    ],
    "h:5|v:5|s:0": [
      0,
      0,
      0,
      0
    ],
    "h:7|v:5|s:0": [
      -0.002,
      0,
      0,
      0
    ],
    "h:9|v:5|s:0": [
      -0.002,
      -0.002,
      -0.002,
      0
    ],
    "h:8|v:5|s:0": [
      -0.002,
      0,
      0,
      0
    ],
    "h:2|v:4|s:0": [
      -0.002,
      -0.002,
      0,
      0
    ],
    "h:1|v:4|s:0": [
      -0.0036,
      -0.002,
      -0.002,
      -0.002
    ],
    "h:0|v:4|s:0": [
      -0.0036,
      -0.002,
      -0.002,
      -0.002
    ],
    "h:0|v:3|s:0": [
      -0.00488,
      -0.00488,
      -0.00488,
      -0.00488
    ],
    "h:10|v:4|s:3": [
      0,
      0,
      0,
      0
    ],
    "h:9|v:4|s:2": [
      0,
      0,
      0,
      0
    ],
    "h:8|v:4|s:2": [
      0,
      0,
      0,
      0
    ],
    "h:1|v:2|s:2": [
      0,
      0,
      0,
      0
    ],
    "h:2|v:1|s:2": [
      0,
      0,
      0,
      0
    ],
    "h:3|v:1|s:2": [
      0,
      0,
      0,
      0
    ],
    "h:4|v:1|s:2": [
      0,
      0,
      0,
      0
    ],
    "h:5|v:1|s:2": [
      0,
      0,
      0,
      0
    ],
    "h:7|v:0|s:2": [
      0,
      0,
      0,
      0
    ],
    "h:8|v:0|s:1": [
      0,
      0,
      0,
      0
    ],
    "h:9|v:0|s:1": [
      -0.873010328576,
      -0.8782271553126401,
      -0.8744508766208,
      -0.89469137793024
    ],
    "h:10|v:1|s:1": [
      0,
      0,
      0,
      0
    ],
    "h:10|v:2|s:1": [
      0,
      0,
      0,
      0
    ],
    "h:11|v:2|s:1": [
      0,
      0,
      0,
      0
    ],
    "h:11|v:3|s:1": [
      0,
      0,
      0,
      0
    ],
    "h:10|v:3|s:1": [
      0,
      0,
      0,
      0
    ],
    "h:9|v:3|s:1": [
      0,
      0,
      0,
      0
    ],
    "h:9|v:4|s:1": [
      0,
      0,
      0,
      0
    ],
    "h:8|v:4|s:1": [
      0,
      0,
      0,
      0
    ],
    "h:7|v:4|s:1": [
      0,
      0,
      0,
      0
    ],
    "h:5|v:4|s:1": [
      0,
      0,
      0,
      0
    ],
    "h:3|v:4|s:1": [
      0,
      0,
      0,
      0
    ],
    "h:11|v:4|s:0": [
      -0.0036,
      -0.0036,
      -0.0036,
      -0.0036
    ],
    "h:11|v:5|s:0": [
      -0.008322278399999999,
      -0.007902847999999999,
      -0.007902847999999999,
      -0.007902847999999999
    ],
    "h:10|v:5|s:0": [
      -0.002,
      0,
      0,
      0
    ],
    "h:11|v:3|s:0": [
      -0.0059039999999999995,
      -0.00488,
      -0.00488,
      -0.00488
    ],
    "h:11|v:2|s:0": [
      -0.0036,
      -0.0036,
      -0.0036,
      -0.002
    ],
    "h:11|v:1|s:0": [
      -0.002,
      -0.002,
      0,
      0
    ],
    "h:11|v:0|s:0": [
      -0.8408856627199999,
      -0.8405501184,
      -0.8220112947200001,
      -0.646995622797312
    ],
    "h:10|v:4|s:1": [
      0,
      0,
      0,
      0
    ],
    "h:11|v:4|s:1": [
      0,
      0,
      0,
      0
    ],
    "h:9|v:2|s:1": [
      0,
      0,
      0,
      0
    ],
    "h:8|v:2|s:1": [
      0,
      0,
      0,
      0
    ],
    "h:6|v:2|s:1": [
      0,
      0,
      0,
      0
    ],
    "h:4|v:2|s:1": [
      0,
      0,
      0,
      0
    ],
    "h:2|v:1|s:1": [
      0,
      0,
      0,
      0
    ],
    "h:6|v:1|s:1": [
      0,
      0,
      0,
      0
    ],
    "h:8|v:1|s:1": [
      0,
      0,
      0,
      0
    ],
    "h:9|v:1|s:1": [
      0,
      0,
      0,
      0
    ],
    "h:10|v:0|s:1": [
      -1.0089997444482575,
      -1.0087496805603218,
      -1.0087496805603218,
      -1.0087496805603218
    ],
    "h:11|v:0|s:1": [
      -0.9655797302378496,
      -0.9564124528034709,
      -0.9643911581682237,
      -0.7588392384097736
    ],
    "h:0|v:3|s:1": [
      0,
      0,
      0,
      0
    ],
    "h:1|v:3|s:1": [
      0,
      0,
      0,
      0
    ],
    "h:2|v:3|s:1": [
      0,
      0,
      0,
      0
    ],
    "h:3|v:3|s:1": [
      0,
      0,
      0,
      0
    ],
    "h:5|v:2|s:1": [
      0,
      0,
      0,
      0
    ],
    "h:7|v:2|s:1": [
      0,
      0,
      0,
      0
    ],
    "h:1|v:1|s:1": [
      0,
      0,
      0,
      0
    ],
    "h:1|v:0|s:1": [
      -0.7131509302378496,
      -0.901552075776,
      -0.901552075776,
      -0.901552075776
    ],
    "h:11|v:5|s:1": [
      0,
      0,
      0,
      0
    ],
    "h:10|v:5|s:1": [
      0,
      0,
      0,
      0
    ],
    "h:1|v:2|s:1": [
      0,
      0,
      0,
      0
    ],
    "h:7|v:1|s:1": [
      0,
      0,
      0,
      0
    ],
    "h:0|v:4|s:2": [
      0,
      0,
      0,
      0
    ],
    "h:3|v:3|s:2": [
      0,
      0,
      0,
      0
    ],
    "h:3|v:2|s:2": [
      0,
      0,
      0,
      0
    ],
    "h:4|v:2|s:2": [
      0,
      0,
      0,
      0
    ],
    "h:5|v:2|s:2": [
      0,
      0,
      0,
      0
    ],